/*
SQLyog Community v10.3 
MySQL - 5.1.61-0ubuntu0.10.04.1-log : Database - sigem_db
*********************************************************************
*/

/*!40101 SET NAMES utf8 */;

/*!40101 SET SQL_MODE=''*/;

/*!40014 SET @OLD_UNIQUE_CHECKS=@@UNIQUE_CHECKS, UNIQUE_CHECKS=0 */;
/*!40014 SET @OLD_FOREIGN_KEY_CHECKS=@@FOREIGN_KEY_CHECKS, FOREIGN_KEY_CHECKS=0 */;
/*!40101 SET @OLD_SQL_MODE=@@SQL_MODE, SQL_MODE='NO_AUTO_VALUE_ON_ZERO' */;
/*!40111 SET @OLD_SQL_NOTES=@@SQL_NOTES, SQL_NOTES=0 */;
/*Data for the table `banco_rendicion_codigos` */

insert  into `banco_rendicion_codigos`(`id`,`banco_id`,`codigo`,`descripcion`,`indica_pago`,`calificacion_socio`) values (4,'00020','CAT','CUENTA ACTUALIZANDOSE',0,'MUTUCALINORM'),(5,'00020','CBL','CUENTA BLOQUEADA',0,'MUTUCALINORM'),(6,'00020','CCE','CUENTA CERRADA',0,'MUTUCALINORM'),(7,'00020','CIA','CUENTA INACTIVA',0,'MUTUCALINORM'),(8,'00020','CIN','CUENTA INEXISTENTE',0,'MUTUCALINORM'),(9,'00020','CIZ','CUENTA INMOBILIZADA',0,'MUTUCALINORM'),(10,'00020','CLI','CLIENTE NO ACTIVO',0,'MUTUCALINORM'),(11,'00020','COB','COBRADO',1,'MUTUCALINORM'),(12,'00020','CUE','CUENTA EMBARGADA',0,'MUTUCALIMORO'),(13,'00020','IIM','IMPORTE ERRONEO',0,'MUTUCALINORM'),(14,'00020','R07','ORDEN JUDICIAL',0,'MUTUCALINORM'),(15,'00020','R08','ORDEN DE NO PAGAR',0,'MUTUCALISDEB'),(16,'00020','R09','DIA NO LABORABLE',0,'MUTUCALINORM'),(17,'00020','R10','SIN FONDOS',0,'MUTUCALIMORO'),(18,'00020','R15','BAJA DE SERVICIO',0,'MUTUCALINORM'),(19,'00020','R20','MONEDA DISTINTA A LA CTA. DEL DEBITO',0,'MUTUCALINORM'),(20,'00020','R03','CUENTA INEXISTENTE',0,'MUTUCALINORM'),(21,'00020','R02','CUENTA CERRADA',0,'MUTUCALINORM'),(22,'00020','R04','CUENTA INVALIDA',0,'MUTUCALINORM'),(23,'00020','R13','SUCURSAL INEXISTENTE',0,'MUTUCALINORM'),(24,'00020','R16','CUENTA CONGELADA',0,'MUTUCALINORM'),(25,'00020','R19','IMPORTE ERRONEO',0,'MUTUCALINORM'),(26,'00020','R23','SUCURSAL NO HABILITADA',0,'MUTUCALINORM'),(27,'00020','R24','TRANSACCION DUPLICADA',0,'MUTUCALINORM'),(28,'00020','R28','RECHAZO PRIMER VENCIMIENTO',0,'MUTUCALINORM'),(29,'00020','R31','VUELTA ATRAS DE LA CAMARA',0,'MUTUCALINORM'),(30,'00430','R02','CUENTA CERRADA O SUSPENDIDA',0,'MUTUCALIMORO'),(31,'00430','R03','CUENTA INEXISTENTE',0,'MUTUCALIMORO'),(32,'00430','R04','NRO DE CUENTA INVALIDO',0,'MUTUCALINORM'),(33,'00430','R08','ORDEN DE NO PAGAR',0,'MUTUCALISDEB'),(34,'00430','R10','FALTA DE FONDOS',0,'MUTUCALIMORO'),(35,'00430','R13','SUCURSAL / ENTIDAD / DESTINO INEXISTENTE',0,'MUTUCALINORM'),(36,'00430','R14','IDENTIFICADOR DEL CLIENTE EN LA EMPRESA ERRONEO',0,'MUTUCALINORM'),(37,'00430','R15','BAJA DEL SERVICIO',0,'MUTUCALINORM'),(38,'00430','R17','ERROR DE FORMATO',0,'MUTUCALINORM'),(39,'00430','R18','FECHA DE COMPENSACION ERRONEO',0,'MUTUCALINORM'),(40,'00430','R19','IMPORTE ERRONEO',0,'MUTUCALINORM'),(41,'00430','R20','MONEDA DISTINTA A LA CUENTA DE DEBITO',0,'MUTUCALINORM'),(42,'00430','R23','SUCURSAL NO HABILITADA',0,'MUTUCALINORM'),(43,'00430','R24','TRANSACCION DUPLICADA',0,'MUTUCALINORM'),(44,'00430','R28','RECHAZO PRIMER VENCIMIENTO',0,'MUTUCALINORM'),(45,'00430','R29','REVISION YA EFECTUADA',0,'MUTUCALINORM'),(46,'00430','R34','CLIENTE NO ADHERIDO',0,'MUTUCALINORM'),(47,'00430','R75','FECHA INVALIDA',0,'MUTUCALINORM'),(48,'00430','R86','IDENTIFICADOR DE EMPRESA ERRONEO',0,'MUTUCALINORM'),(49,'00430','R94','DIA NO LABORABLE',0,'MUTUCALINORM'),(50,'00430','OK','COBRADO',1,'MUTUCALINORM'),(51,'99999','OK','COBRADO',1,'MUTUCALINORM'),(52,'99999','NOC','NO COBRADO',0,'MUTUCALIMORO'),(53,'00430','PEN','PENDIENTE',0,'MUTUCALINORM'),(54,'00020','ERR','ERROR EN CODIGO DE RENDICION',0,'MUTUCALINORM'),(55,'00011','000','COBRADO',1,'MUTUCALINORM'),(56,'00011','001','CASA INEXISTENTE',0,'MUTUCALIMORO'),(57,'00011','002','CASA O CTA.INEX.O MONED.INCO.',0,'MUTUCALIMORO'),(58,'00011','003','MONTO SUP. AL DISPONIBLE',0,'MUTUCALIMORO'),(59,'00011','004','CUENTA BLOQUEADA',0,'MUTUCALIMORO'),(60,'00011','999','CONCEPTO NO NOMENCLADO',0,'MUTUCALIMORO'),(61,'00430','ERR','ERROR EN CODIGO DE RENDICION',0,'MUTUCALINORM'),(62,'00011','ERR','ERROR EN CODIGO DE RENDICION',0,'MUTUCALIMORO'),(63,'00011','009','CREDITO NO ENCONTRADO',0,'MUTUCALIMORO'),(64,'00011','010','CUENTA INACTIVA',0,'MUTUCALIMORO'),(66,'00191','R02','CUENTA CERRADA O INEXISTENTE',0,'MUTUCALINORM'),(67,'00191','000','MOVIMIENTO ACEPTADO',1,'MUTUCALINORM'),(68,'00191','R03','CUENTA INEXISTENTE',0,'MUTUCALINORM'),(69,'00191','R04','NRO DE CTA INVALIDO',0,'MUTUCALINORM'),(70,'00191','R08','ORDEN DE NO PAGAR',0,'MUTUCALISDEB'),(71,'00191','R09','DIA NO LABORABLE',0,'MUTUCALINORM'),(72,'00191','R10','FALTA DE FONDOS',0,'MUTUCALIMORO'),(73,'00191','R13','SUCURSAL INEXISTENTE',0,'MUTUCALINORM'),(74,'00191','R14','ID CLIENTE EN LA EMP ERRONEA',0,'MUTUCALINORM'),(75,'00191','R15','BAJA DEL SERVICIO',0,'MUTUCALIMORO'),(76,'00191','R17','ERROR DE FORMATO',0,'MUTUCALINORM'),(77,'00191','R18','FECHA COMPENSACION ERRONEA',0,'MUTUCALINORM'),(78,'00191','R19','IMPORTE ERRONEO',0,'MUTUCALINORM'),(79,'00191','R20','MONEDA DISTINTA A LA CTA',0,'MUTUCALINORM'),(80,'00191','R23','SUCURSAL NO HABILITADA',0,'MUTUCALINORM'),(81,'00191','R24','TRANSACCION DUPLICADA',0,'MUTUCALINORM'),(82,'00191','R28','RECHAZO PRIMER VENCIMIENTO',0,'MUTUCALIMORO'),(83,'00191','R29','REVERSION YA EFECTUADA',0,'MUTUCALIREVE'),(84,'00191','R31','VUELTA ATRAS DE LA CAMARA',0,'MUTUCALINORM'),(85,'00191','R34','CLIENTE NO ADHERIDO',0,'MUTUCALINORM'),(86,'00191','R61','NO EXISTE TRANSACCION ORIGINAL',0,'MUTUCALINORM'),(87,'00191','R75','FECHA INVALIDA',0,'MUTUCALINORM'),(88,'00191','R86','ID EMPRESA ERRONEO',0,'MUTUCALINORM'),(89,'00191','R91','COD BCO INCOMP CON MONEDA TRANS',0,'MUTUCALINORM'),(90,'00191','ERR','ERROR DE DATOS',0,'MUTUCALINORM'),(92,'00011','R08','STOP DEBITO',0,'MUTUCALISDEB');

/*Data for the table `banco_sucursales` */

insert  into `banco_sucursales`(`id`,`banco_id`,`nro_sucursal`,`nombre`,`direccion`) values (1,'00011','','ALEJANDRO','ALEJANDRO - CORDOBA'),(3,'00011','','ADELIA MARIA',''),(4,'00011','','ALTA GRACIA',''),(6,'00011','','ARIAS',''),(7,'00011','','ARROYITO',''),(8,'00020','375','ALEJO LEDESMA','PRUEBITA'),(9,'00011','','BALNEARIA',''),(11,'00011','','BELL VILLE',''),(12,'00020','337','ALMAFUERTE',''),(13,'00011','','BERROTARAN',''),(14,'00011','','BRINKMANN',''),(15,'00020','316','ALTA GRACIA',''),(16,'00011','','CALCHIN',''),(17,'00011','','CANALS',''),(18,'00020','418','ALTOS DECHIPION',''),(19,'00011','','CAPILLA DEL MONTE',''),(20,'00020','354','ARIAS',''),(21,'00020','340','ARROYITO',''),(22,'00011','','CAPITAL - ALTA CORDOBA','AV JUAN B JUSTO 2215'),(23,'00020','437','ARROYO CABRAL',''),(24,'00020','376','BALLESTEROS',''),(25,'00011','','CAPITAL - AV. HUMBERTO PRIMO','AV HUMBERTO PRIMO  440'),(26,'00020','332','BALNEARIA',''),(27,'00020','305','BELL VILLE',''),(28,'00020','371','BERROTARAN',''),(29,'00020','411','BRINKMANN',''),(30,'00011','','CAPITAL - AV. JUAN B JUSTO','AV. JUAN B JUSTO 4080'),(31,'00020','367','BUCHARDO',''),(32,'00020','406','BULNES',''),(33,'00020','358','COMILO ALDAO',''),(34,'00020','306','CANALS',''),(35,'00020','912','CAPITAL - ALTO ALBERDI','9 DE JULIO 2769'),(36,'00020','923','CAPITAL - AV FZA AEREA','FZA AEREA ARGENTINA 2468'),(37,'00020','933','CAPITAL - SANTA ANA SHOPPING','DUARTE QUIROZ 1400'),(38,'00011','','CAPITAL - AV. SABATTINI','AV. SABATTINI 4524'),(39,'00020','938','CAPITAL - AV SABATTINI','AV SABATTINI 3250'),(40,'00011','','CAPITAL - ALTO ALBERDI','AV. COLON 2152'),(41,'00020','914','CAPITAL - CERRO DE LAS ROSAS','AV RAFAEL NUÑEZ 3672'),(42,'00020','931','CAPITAL - CIUDADELA','AV VELEZ SARSFIELD 3201'),(43,'00011','','CAPITAL - CERRO DE LAS ROSAS','AV. RAFAEL NUÑEZ 4203'),(44,'00020','916','CAPITAL - FERREYRA','SABATTINI ESQ BV CANGALLO'),(45,'00020','913','CAPITAL - CENTRO','GRAL PAZ 44'),(46,'00011','','CAPITAL - LOS NARANJOS','AV. FUERZA AEREA ARGENTINA 2990'),(47,'00020','924','CAPITAL - BAJADA DE PUCARA','REV DE MAYO 1108'),(48,'00011','','CAPITAL - SAN MARTIN','AV. CASTRO BARROS 390'),(49,'00020','915','CAPITAL - GENERAL PAZ','24 DE SEPTIEMBRE 1315'),(50,'00020','900','CAPITAL - CATEDRAL','SAN JERONIMO 231'),(51,'00011','','CAPITAL - SAN VICENTE','ENTRE RIOS 2699'),(52,'00011','','CAPITAL - CORDOBA','SAN JERONIMO 30'),(53,'00020','919','CAPITAL - SAN MARTIN','SANTA FE 893'),(54,'00011','','CORONEL MOLDES',''),(55,'00020','936','CAPITAL - SOBREMONTE','ALVEAR 11'),(56,'00011','','CORRAL DE BUSTOS - IFFLINGER',''),(57,'00011','','COSQUIN',''),(58,'00011','','CRUZ DEL EJE',''),(59,'00011','','DEAN FUNES',''),(60,'00020','921','CAPITAL - SAN VICENTE','SAN JERONIMO 2691'),(61,'00011','','EL TIO',''),(62,'00011','','ELENA',''),(63,'00011','','GENERAL CABRERA',''),(64,'00011','','GENERAL LEVALLE',''),(65,'00020','928','CAPITAL - JUAN B. JUSTO','J B JUSTO 3410'),(66,'00011','','HERNANDO',''),(67,'00011','','ISLA VERDE',''),(68,'00011','','JESUS MARIA',''),(69,'00020','902','CAPITAL - LIBERTAD','FRAY L BELTRAN ESQ CARDEÑOSA'),(70,'00011','','LA CARLOTA',''),(71,'00011','','LA CUMBRE',''),(72,'00020','925','CAPITAL - MERCADO NORTE','HUMBERTO PRIMO 33'),(73,'00011','','LA FALDA',''),(74,'00011','','LA PLAYOSA',''),(75,'00011','','LA PUERTA',''),(76,'00020','917','CPITAL - NUEVA CORDOBA','ESTRADA 141'),(77,'00011','','LABOULAYE',''),(78,'00011','','LAGUNA LARGA',''),(79,'00011','','LAS PENAS',''),(80,'00020','922','CAPITAL - TRIBUNALES','ARTURO M BAS 246'),(81,'00011','','LAS VARILLAS',''),(82,'00011','','LEONES',''),(83,'00011','','LOS SURGENTES',''),(84,'00011','','MARCOS JUAREZ',''),(85,'00020','918','CAPITAL - PLAZA RIVADAVIA','FRAGUEIRO 2006'),(86,'00011','','MINA CLAVERO',''),(87,'00011','','MONTE BUEY',''),(88,'00011','','MONTE CRISTO',''),(89,'00011','','MORTEROS',''),(90,'00011','','NOETINGER',''),(91,'00020','100','BUENOS AIRES (C.F.)',''),(92,'00011','','OLIVA',''),(93,'00011','','ONCATIVO',''),(94,'00011','','ORDONEZ',''),(95,'00020','372','CARRILOBO',''),(96,'00011','','PASCANAS',''),(97,'00020','377','CINTRA',''),(98,'00011','','RIO CUARTO',''),(99,'00020','420','COLAZO',''),(100,'00011','','RIO SEGUNDO',''),(101,'00020','405','COLONIA CAROYA',''),(102,'00011','','RIO TERCERO',''),(103,'00011','','SAMPACHO',''),(104,'00020','369','COLONIA MARINA',''),(105,'00011','','SAN ANTONIO DE LITIN',''),(106,'00011','','SAN FRANCISCO',''),(107,'00011','','SANTA ROSA DE RIO PRIMERO',''),(108,'00020','326','CORONEL MOLDES',''),(109,'00011','','TANCACHA',''),(110,'00020','333','CORRAL DE BUSTOS',''),(111,'00011','','UCACHA',''),(112,'00011','','UNQUILLO',''),(113,'00020','419','CORRALITO',''),(114,'00020','315','COSQUIN',''),(115,'00011','','VICUNA MACKENNA',''),(116,'00011','','VILLA CARLOS PAZ',''),(117,'00011','','VILLA DEL ROSARIO',''),(118,'00020','309','CRUZ ALTA',''),(119,'00011','','VILLA DOLORES',''),(120,'00020','324','CRUZ DEL EJE',''),(121,'00011','','VILLA GENERAL BELGRANO',''),(122,'00020','318','DEAN FUNES',''),(123,'00011','','VILLA HUIDOBRO',''),(124,'00020','390','DEL CAMPILLO',''),(125,'00011','','VILLA MARIA',''),(126,'00020','361','DESPENADEROS',''),(127,'00020','381','DEVOTO',''),(128,'00020','450','EL ARANADO',''),(129,'00020','425','EMBALSE',''),(130,'00387','','CAPITAL - CASA CENTRAL','25 DE MAYO 160'),(131,'00020','357','ETRURIA',''),(132,'00020','380','FREYRE',''),(133,'00387','','CAPITAL - ALEM','AV. LEANDRO N ALEM 769'),(134,'00020','409','GENERAL BALDISSERA',''),(135,'00387','','CAPITAL - CENTRO REPUBLICA','TUCUMAN 175'),(136,'00020','329','GRAL LEVALLE',''),(137,'00020','388','GRAL ROCA',''),(138,'00020','327','GIGENA',''),(139,'00387','','CAPITAL - CERRO DE LAS ROSAS','AV. RAFAEL NUÑEZ 3884'),(140,'00020','389','GRAL CABRERA',''),(141,'00020','386','GRAL DEHEZA',''),(142,'00387','','CAPITAL - COLON','AV. COLON 2125'),(143,'00020','359','GUATIMOZIN',''),(144,'00020','319','HERNANDO',''),(145,'00020','330','HUINCA RENANCO',''),(146,'00387','','CAPITAL - CORDOBA SHOPPING CENTER','VIRGEN DE LA MERCED 2300'),(147,'00020','429','IDIAZABAL',''),(148,'00020','362','INRIVILLE',''),(149,'00020','399','JAMES CRAIK',''),(150,'00387','','CAPITAL - FUERZA AEREA','AV. FUERZA AEREA'),(151,'00020','308','JESUS MARIA',''),(152,'00387','','CAPITAL - GENERAL PAZ','24 DE SETIEMBRE - 1661'),(153,'00020','323','JOVITA',''),(154,'00020','348','JUSTINIANO POSSE',''),(155,'00020','356','LA CALERA',''),(156,'00020','346','LA CARLOTA',''),(157,'00387','','CAPITAL - HOSPITAL PRIVADO','FRIULI ESQ. NACIONES UNIDAS'),(158,'00020','432','LA CESIRA',''),(159,'00387','','CAPITAL - JUAN B JUSTO','AV. JUAN B. JUSTO 3808'),(160,'00387','','ALTA GRACIA',''),(161,'00020','342','LA CUMBRE',''),(162,'00387','','ARROYITO',''),(163,'00020','336','LA FALDA',''),(164,'00387','','BELL VILLE',''),(165,'00020','352','LA FRANCIA',''),(166,'00020','398','LA PARA',''),(167,'00387','','VILLA CARLOS PAZ',''),(168,'00020','407','LA PAZ',''),(169,'00387','','JESUS MARIA',''),(170,'00387','','LA FALDA',''),(171,'00020','426','LA PLAYOSA',''),(172,'00387','','MARCOS JUAREZ',''),(173,'00387','','MARULL',''),(174,'00020','334','LABORDE',''),(175,'00387','','MORTEROS',''),(176,'00020','345','LABOULAYE',''),(177,'00387','','ONCATIVO',''),(178,'00020','428','LAS ACEQUIAS',''),(179,'00020','438','LAS JUNTURAS',''),(180,'00020','343','LAS PERDICES',''),(181,'00387','','CAPITAL - LOS GRANADEROS','BV. LOS GRANADEROS 1687'),(182,'00020','364','LAS VARILLAS',''),(183,'00020','335','LEONES',''),(184,'00387','','CAPITAL - MAKRO','AV. COLON 3500'),(185,'00020','423','LOS CONDORES',''),(186,'00020','416','LUQUE',''),(187,'00020','344','MALAGUENO',''),(188,'00387','','CAPITAL - NUEVOCENTRO SHOPPING','DUARTE QUIROS 1400'),(189,'00020','301','MARCOS JUAREZ',''),(190,'00020','338','MINA CLAVERO',''),(191,'00020','435','MONTE BUEY',''),(192,'00387','','CAPITAL - NUEVA CORDOBA','J. M. ESTRADA 175'),(193,'00020','366','MONTE MAIZ',''),(194,'00020','303','MORTEROS',''),(195,'00020','417','NOETTINGER',''),(196,'00387','','CAPITAL - RECTA MARTINOLLI','RECTA MARTINOLLI 5808'),(197,'00020','355','OBISPO TREJO',''),(198,'00020','378','OLIVA',''),(199,'00020','331','ONCATIVO',''),(200,'00387','','CAPITAL - AVENIDA RICHIERI','AV. RICHIERI 3296'),(201,'00020','422','PILAR',''),(202,'00387','','CAPITAL - SABATTINI','AV. SABATTINI 2375'),(203,'00020','352','PORTENA',''),(204,'00020','321','POZO DEL MOLLE',''),(205,'00020','433','PUEBLO ITALIANO',''),(206,'00020','350','RIO CEBALLOS',''),(207,'00387','','CAPITAL - PATIO OLMOS','VELEZ SARSFIELD ESQ. BV. SAN JUAN'),(208,'00387','','RIO CUARTO',''),(209,'00387','','RIO TERCERO',''),(210,'00020','400','RIO CUARTO SUR',''),(211,'00387','','SOBREMONTE',''),(212,'00387','','SAN FRANCISCO',''),(213,'00020','302','RIO CUARTO CENTRO',''),(214,'00387','','URQUIZA',''),(215,'00387','','TRANSITO',''),(216,'00387','','VILLA ALLENDE',''),(217,'00020','443','RIO CUARTO BARRIO ALBERDI',''),(218,'00387','','VILLA MARIA',''),(219,'00020','427','RIO CUARTO BANDA NORTE',''),(220,'00020','382','RIO PRIMERO',''),(221,'00020','451','RIO SEGUNDO',''),(222,'00020','374','RIO TERCERO',''),(223,'00020','373','ROSARIO',''),(224,'00020','341','SACANTA',''),(225,'00020','311','SALSACATE',''),(226,'00020','351','SAMPACHO',''),(227,'00020','402','SAN AGUSTIN',''),(228,'00020','370','SAN BASILIO',''),(229,'00020','328','SAN FRANCISCO DEL CHANAR',''),(230,'00020','441','SAN FRANCISCO OESTE',''),(231,'00020','307','SAN FRANCISCO CENTRO',''),(232,'00020','310','SAN JOSE DE LA DORMIDA',''),(233,'00020','401','SAN MARCOS SUR',''),(234,'00020','431','SANTA EUFEMIA',''),(235,'00020','403','SANTIAGO TEMPLE',''),(236,'00020','363','SATURNINO MARIA LASPIUR',''),(237,'00020','413','SERRANO',''),(238,'00020','339','STA ROSA DE CALAMUCHITA',''),(239,'00020','320','STA ROSA DE RIO PRIMERO',''),(240,'00020','365','TANCACHA',''),(241,'00020','434','TICINO',''),(242,'00020','313','TULUMBA',''),(243,'00020','393','UCACHA',''),(244,'00020','452','VILLA GRAL BELGRANO',''),(245,'00020','396','VIAMONTE',''),(246,'00020','424','VICUNA MACKENNA',''),(247,'00020','392','VILLA ALLENDE',''),(248,'00020','349','VILLA CARLOS PAZ',''),(249,'00020','314','VILLA DE MARIA',''),(250,'00020','368','VILLA DE SOTO',''),(251,'00020','408','VILLA DEL ROSARIO',''),(252,'00020','325','VILLA DEL TOTORAL',''),(253,'00020','322','VILLA DOLORES',''),(254,'00020','430','VILLA HUIDOBRO',''),(255,'00020','304','VILLA MARIA CENTRO',''),(256,'00020','439','VILLA MARIA TERMINAL',''),(257,'00020','415','VILLA NUEVA',''),(258,'00020','395','VILLA VALERIA',''),(259,'00020','9999999999','PROBANDO','PROBANDO'),(262,'00297','2525252525','RIO CEBALLOS','AVDA. SAN MARTIN 1178'),(263,'00011','','LA BANDA',''),(264,'00011','','BELEN - CATAMARCA',''),(265,'00011','2190','LA QUIACA','LAMADRID 400'),(267,'00011','2702','PERICO','9 DE JULIO ESQ. BELGRANO'),(268,'00011','3290','SAN PEDRO DE JUJUY','ALBERDI 85'),(269,'00011','3315','SAN SALVADOR DE JUJUY','ALVEAR 801'),(270,'00011','2246','LIB. GRAL. SAN MARTIN','JUJUY 346'),(272,'00011','2200/08','LA RIOJA','Pelagio B. Luna 699'),(273,'00011','3155/86','SAN FERNANDO DEL VALLE DE CATAMARCA','SAN MARTIN 604'),(274,'00011','3070/66','SLATA','B. MITRE 151'),(275,'00011','3370/75','SANTIAGO DEL ESTERO','24 DE SETIEMBRE 201'),(276,'00011','3265/98','SAN MIGUEL DE TUCUMAN','SAN MARTIN 690');

/*Data for the table `bancos` */

insert  into `bancos`(`id`,`nombre`,`activo`,`beneficio`,`fpago`,`intercambio`,`tipo_registro`,`longitud`,`longitud_salida`,`indicador_cabecera`,`indicador_detalle`,`indicador_pie`,`tipo_cta_sueldo`,`user_created`,`user_modified`,`created`,`modified`) values ('00005','ABN  AMRO BANK N. V.',0,0,0,0,1,0,0,NULL,NULL,NULL,NULL,'ADMIN','ADRIAN',NULL,'2009-06-11 18:06:05'),('00007','BANCO DE GALICIA Y BUENOS AIRES S.A.',1,1,1,0,1,0,0,NULL,NULL,NULL,'30',NULL,'ADRIAN',NULL,'2010-04-30 14:32:08'),('00011','BANCO DE LA NACION ARGENTINA',1,1,1,1,3,128,128,'1','2','3','30','ADMIN','ADRIAN',NULL,'2010-07-13 12:05:34'),('00014','BANCO DE LA PROVINCIA DE BUENOS AIRES',0,0,0,0,1,0,0,NULL,NULL,NULL,NULL,NULL,NULL,NULL,NULL),('00015','BANKBOSTONNATIONAL ASSOCIATION',0,0,0,0,1,0,0,NULL,NULL,NULL,NULL,NULL,NULL,NULL,NULL),('00016','CITIBANK N.A.',0,0,0,0,1,0,0,NULL,NULL,NULL,NULL,NULL,NULL,NULL,NULL),('00017','BBVA BANCO FRANCES S.A.',1,1,0,0,1,0,0,'','','','',NULL,'ADRIAN',NULL,'2012-09-07 11:15:03'),('00018','THE BANK OF TOKYO-MITSUBISHI UFJLTD.',0,0,0,0,1,0,0,NULL,NULL,NULL,NULL,NULL,NULL,NULL,NULL),('00020','BANCO DE LA PROVINCIA DE CORDOBA S.A.',1,1,1,1,1,106,103,'','','','11','ADMIN','ADRIAN',NULL,'2010-07-13 12:06:00'),('00027','BANCO SUPERVIELLE S.A.',0,0,0,0,1,0,0,NULL,NULL,NULL,NULL,NULL,NULL,NULL,NULL),('00029','BANCO DE LA CIUDAD DE BUENOS AIRES',0,0,0,0,1,0,0,NULL,NULL,NULL,NULL,NULL,NULL,NULL,NULL),('00034','BANCO PATAGONIA S.A.',1,1,0,0,1,0,0,NULL,NULL,NULL,'08','ADMIN','ADRIAN',NULL,'2010-04-30 14:30:52'),('00044','BANCO HIPOTECARIO S.A.',0,0,0,0,1,0,0,NULL,NULL,NULL,NULL,NULL,NULL,NULL,NULL),('00045','BANCO DE SAN JUAN S.A.',0,0,0,0,1,0,0,NULL,NULL,NULL,NULL,NULL,NULL,NULL,'2009-06-01 16:26:42'),('00046','BANCO DO BRASIL S.A.',0,0,0,0,1,0,0,NULL,NULL,NULL,NULL,NULL,NULL,NULL,NULL),('00060','BANCO DEL TUCUMAN S.A.',0,0,0,0,1,0,0,NULL,NULL,NULL,NULL,NULL,NULL,NULL,NULL),('00065','BANCO MUNICIPAL DE ROSARIO',0,0,0,0,1,0,0,NULL,NULL,NULL,NULL,NULL,NULL,NULL,NULL),('00072','BANCO SANTANDER RIO S.A.',1,1,0,0,1,0,0,'','','','88',NULL,'ADRIAN',NULL,'2011-10-20 10:23:39'),('00079','BANCO REGIONAL DE CUYO S.A.',0,0,0,0,1,0,0,NULL,NULL,NULL,NULL,NULL,NULL,NULL,NULL),('00083','BANCO DEL CHUBUT S.A.',0,0,0,0,1,0,0,NULL,NULL,NULL,NULL,NULL,NULL,NULL,NULL),('00086','BANCO DE SANTA CRUZ S.A.',0,0,0,0,1,0,0,NULL,NULL,NULL,NULL,NULL,NULL,NULL,NULL),('00093','BANCO DE LA PAMPA SOCIEDAD DE ECONOMIA M',0,0,0,0,1,0,0,NULL,NULL,NULL,NULL,NULL,NULL,NULL,NULL),('00094','BANCO DE CORRIENTES S.A.',0,0,0,0,1,0,0,NULL,NULL,NULL,NULL,NULL,NULL,NULL,NULL),('00097','BANCO PROVINCIA DEL NEUQUEN SOCIEDAD ANON',0,0,0,0,1,0,0,NULL,NULL,NULL,NULL,NULL,NULL,NULL,NULL),('00147','BANCO B.I. CREDITANSTALT SOCIEDAD ANONIM',0,0,0,0,1,0,0,NULL,NULL,NULL,NULL,NULL,NULL,NULL,NULL),('00150','HSBC BANK ARGENTINA S.A.',0,0,0,0,1,0,0,NULL,NULL,NULL,NULL,NULL,NULL,NULL,NULL),('00165','JPMORGAN CHASE BANKNATIONAL ASSOCIATIO',0,0,0,0,1,0,0,NULL,NULL,NULL,NULL,NULL,NULL,NULL,NULL),('00191','BANCO CREDICOOP COOPERATIVO LIMITADO',1,1,1,1,1,150,107,'','','','55',NULL,'ADRIAN',NULL,'2011-11-29 12:25:34'),('00198','BANCO DE VALORES S.A.',0,0,0,0,1,0,0,NULL,NULL,NULL,NULL,NULL,NULL,NULL,NULL),('00247','BANCO ROELA S.A.',0,0,0,0,1,0,0,NULL,NULL,NULL,NULL,NULL,NULL,NULL,NULL),('00254','BANCO MARIVA S.A.',0,0,0,0,1,0,0,NULL,NULL,NULL,NULL,NULL,NULL,NULL,NULL),('00259','BANCO ITAU BUEN AYRE S.A.',0,0,0,0,1,0,0,NULL,NULL,NULL,NULL,NULL,NULL,NULL,NULL),('00262','BANK OF AMERICANATIONAL ASSOCIATION',0,0,0,0,1,0,0,NULL,NULL,NULL,NULL,NULL,NULL,NULL,NULL),('00266','BNP PARIBAS',0,0,0,0,1,0,0,NULL,NULL,NULL,NULL,NULL,NULL,NULL,NULL),('00268','BANCO PROVINCIA DE TIERRA DEL FUEGO',0,0,0,0,1,0,0,NULL,NULL,NULL,NULL,NULL,NULL,NULL,NULL),('00269','BANCO DE LA REPUBLICA ORIENTAL DEL URUGU',0,0,0,0,1,0,0,NULL,NULL,NULL,NULL,NULL,NULL,NULL,NULL),('00277','BANCO SAENZ S.A.',0,0,0,0,1,0,0,NULL,NULL,NULL,NULL,NULL,NULL,NULL,NULL),('00281','BANCO MERIDIAN S.A.',0,0,0,0,1,0,0,NULL,NULL,NULL,NULL,NULL,NULL,NULL,NULL),('00285','BANCO MACRO S.A.',1,1,1,0,1,0,0,NULL,NULL,NULL,'40','ADMIN','ADRIAN',NULL,'2010-04-30 14:31:31'),('00293','BANCO MERCURIO S.A.',0,0,0,0,1,0,0,NULL,NULL,NULL,NULL,NULL,NULL,NULL,NULL),('00294','ING BANK N.V.',0,0,0,0,1,0,0,NULL,NULL,NULL,NULL,NULL,NULL,NULL,NULL),('00295','AMERICAN EXPRESS BANK LTD. SOCIEDAD ANON',0,0,0,0,1,0,0,NULL,NULL,NULL,NULL,NULL,NULL,NULL,NULL),('00297','BANCO SUPERVIELLE S.A. (EX BANCO BANEX S.A.)',1,1,0,0,1,0,0,'','','','',NULL,'KARINA',NULL,'2012-04-18 12:41:57'),('00299','BANCO COMAFI SOCIEDAD ANONIMA',0,0,0,0,1,0,0,NULL,NULL,NULL,NULL,NULL,NULL,NULL,NULL),('00300','BANCO DE INVERSION Y COMERCIO EXTERIOR S',0,0,0,0,1,0,0,NULL,NULL,NULL,NULL,NULL,NULL,NULL,NULL),('00301','BANCO PIANO S.A.',0,0,0,0,1,0,0,NULL,NULL,NULL,NULL,NULL,NULL,NULL,NULL),('00303','BANCO FINANSUR S.A.',0,0,0,0,1,0,0,NULL,NULL,NULL,NULL,NULL,NULL,NULL,NULL),('00305','BANCO JULIO SOCIEDAD ANONIMA',0,0,0,0,1,0,0,NULL,NULL,NULL,NULL,NULL,NULL,NULL,NULL),('00306','BANCO PRIVADO DE INVERSIONES SOCIEDAD AN',0,0,0,0,1,0,0,NULL,NULL,NULL,NULL,NULL,NULL,NULL,NULL),('00309','NUEVO BANCO DE LA RIOJA SOCIEDAD ANONIMA',0,0,0,0,1,0,0,NULL,NULL,NULL,NULL,NULL,NULL,NULL,NULL),('00310','BANCO DEL SOL S.A.',0,0,0,0,1,0,0,NULL,NULL,NULL,NULL,NULL,NULL,NULL,NULL),('00311','NUEVO BANCO DEL CHACO S. A.',0,0,0,0,1,0,0,NULL,NULL,NULL,NULL,NULL,NULL,NULL,NULL),('00312','MBA BANCO DE INVERSIONES S. A.',0,0,0,0,1,0,0,NULL,NULL,NULL,NULL,NULL,NULL,NULL,NULL),('00315','BANCO DE FORMOSA S.A.',0,0,0,0,1,0,0,NULL,NULL,NULL,NULL,NULL,NULL,NULL,NULL),('00319','BANCO CMF S.A.',0,0,0,0,1,0,0,NULL,NULL,NULL,NULL,NULL,NULL,NULL,NULL),('00321','BANCO DE SANTIAGO DEL ESTERO S.A.',1,1,0,0,1,0,0,'','','','50',NULL,'ALEXIS',NULL,'2012-05-29 10:46:22'),('00322','NUEVO BANCO INDUSTRIAL DE AZUL S.A.',1,1,0,0,1,0,0,'','','','',NULL,'ADRIAN',NULL,'2012-02-03 14:10:36'),('00325','DEUTSCHE BANK S.A.',0,0,0,0,1,0,0,NULL,NULL,NULL,NULL,NULL,NULL,NULL,NULL),('00330','NUEVO BANCO DE SANTA FE SOCIEDAD ANONIMA',0,0,0,0,1,0,0,NULL,NULL,NULL,NULL,NULL,NULL,NULL,NULL),('00331','BANCO CETELEM ARGENTINA S.A.',0,0,0,0,1,0,0,NULL,NULL,NULL,NULL,NULL,NULL,NULL,NULL),('00332','BANCO DE SERVICIOS FINANCIEROS S.A.',0,0,0,0,1,0,0,NULL,NULL,NULL,NULL,NULL,NULL,NULL,NULL),('00335','BANCO COFIDIS S.A.',0,0,0,0,1,0,0,NULL,NULL,NULL,NULL,NULL,NULL,NULL,NULL),('00336','BANCO BRADESCO ARGENTINA S.A.',0,0,0,0,1,0,0,NULL,NULL,NULL,NULL,NULL,NULL,NULL,NULL),('00338','BANCO DE SERVICIOS Y TRANSACCIONES S.A.',0,0,0,0,1,0,0,NULL,NULL,NULL,NULL,NULL,NULL,NULL,NULL),('00339','RCI BANQUE',0,0,0,0,1,0,0,NULL,NULL,NULL,NULL,NULL,NULL,NULL,NULL),('00340','BACS BANCO DE CREDITO Y SECURITIZACION S',0,0,0,0,1,0,0,NULL,NULL,NULL,NULL,NULL,NULL,NULL,NULL),('00386','NUEVO BANCO DE ENTRE RIOS S.A.',0,0,0,0,1,0,0,NULL,NULL,NULL,NULL,NULL,NULL,NULL,NULL),('00387','NUEVO BANCO SUQUIA S.A.',1,1,0,0,1,0,0,NULL,NULL,NULL,'00',NULL,'ADRIAN',NULL,'2010-04-30 14:31:53'),('00388','NUEVO BANCO BISEL S.A.',0,0,0,0,1,0,0,NULL,NULL,NULL,NULL,NULL,NULL,NULL,NULL),('00389','BANCO COLUMBIA S.A.',1,1,0,0,1,0,0,'','','','',NULL,'GUSTAVO',NULL,'2010-08-13 12:54:46'),('00430','STANDARD BANK ARGENTINA S.A.',1,0,0,1,3,200,100,'1','2','9','',NULL,'ADRIAN',NULL,'2010-06-18 13:35:27'),('44059','FORD CREDIT COMPANIA FINANCIERA S.A.',0,0,0,0,1,0,0,NULL,NULL,NULL,NULL,NULL,NULL,NULL,NULL),('44068','TUTELAR COMPANIA FINANCIERA S.A.',0,0,0,0,1,0,0,NULL,NULL,NULL,NULL,NULL,NULL,NULL,NULL),('44077','COMPANIA FINANCIERA ARGENTINA S.A.',0,0,0,0,1,0,0,NULL,NULL,NULL,NULL,NULL,NULL,NULL,NULL),('44090','GE COMPANIA FINANCIERA S.A.',0,0,0,0,1,0,0,NULL,NULL,NULL,NULL,NULL,NULL,NULL,NULL),('44091','CREDILOGROS COMPANIA FINANCIERA S.A.',0,0,0,0,1,0,0,NULL,NULL,NULL,NULL,NULL,NULL,NULL,NULL),('44092','FIAT CREDITO COMPANIA FINANCIERA S.A.',0,0,0,0,1,0,0,NULL,NULL,NULL,NULL,NULL,NULL,NULL,NULL),('44093','GMAC COMPANIA FINANCIERA S.A.',0,0,0,0,1,0,0,NULL,NULL,NULL,NULL,NULL,NULL,NULL,NULL),('44094','DAIMLERCHRYSLER COMPANIA FINANCIERA S.A.',0,0,0,0,1,0,0,NULL,NULL,NULL,NULL,NULL,NULL,NULL,NULL),('44095','ROMBO COMPANIA FINANCIERA S.A.',0,0,0,0,1,0,0,NULL,NULL,NULL,NULL,NULL,NULL,NULL,NULL),('44096','JOHN DEERE CREDIT COMPANIA FINANCIERA S.',0,0,0,0,1,0,0,NULL,NULL,NULL,NULL,NULL,NULL,NULL,NULL),('44098','PSA FINANCE ARGENTINA COMPANIA FINANCIER',0,0,0,0,1,0,0,NULL,NULL,NULL,NULL,NULL,NULL,NULL,NULL),('44099','TOYOTA COMPANIA FINANCIERA DE ARGENTINA',0,0,0,0,1,0,0,NULL,NULL,NULL,NULL,NULL,NULL,NULL,NULL),('45056','MONTEMAR COMPANIA FINANCIERA S.A.',0,0,0,0,1,0,0,NULL,NULL,NULL,NULL,NULL,NULL,NULL,NULL),('45065','MASVENTAS S.A. COMPANIA FINANCIERA',0,0,0,0,1,0,0,NULL,NULL,NULL,NULL,NULL,NULL,NULL,NULL),('45072','MULTIFINANZAS COMPANIA FINANCIERA S.A.',0,0,0,0,1,0,0,NULL,NULL,NULL,NULL,NULL,NULL,NULL,NULL),('64085','CAJA DE CREDITO COOPERATIVA LA CAPITAL D',0,0,0,0,1,0,0,NULL,NULL,NULL,NULL,NULL,NULL,NULL,NULL),('65203','CAJA DE CREDITO CUENCA COOPERATIVA LIM',0,0,0,0,1,0,0,NULL,NULL,NULL,NULL,NULL,NULL,NULL,NULL),('99999','AMAN',0,0,0,0,1,150,0,NULL,NULL,NULL,NULL,NULL,'ADRIAN','2009-12-11 10:47:50','2009-12-11 10:47:50');

/*!40101 SET SQL_MODE=@OLD_SQL_MODE */;
/*!40014 SET FOREIGN_KEY_CHECKS=@OLD_FOREIGN_KEY_CHECKS */;
/*!40014 SET UNIQUE_CHECKS=@OLD_UNIQUE_CHECKS */;
/*!40111 SET SQL_NOTES=@OLD_SQL_NOTES */;
